field_1,date,report_no,address,Latitude,Longitude,distance_in_ft,direction,day,collision_factor,collision_type,involved_with,vehicle_type,month,year,STATEFP,COUNTYFP,TRACTCE,GEOID,NAME,NAMELSAD,MTFCC,FUNCSTAT,ALAND,AWATER,INTPTLAT,INTPTLON,Shape_STAr,Shape_STLe
"219",2019/12/31,19-08774,"1145 CARLSBAD VILLAGE DRIVE and PIO PICO DRIVE, Carlsbad, San Diego, United States",33.163619,-117.341293,"0",Not Stated,"31",Driving Under Influence,Sideswipe,Bicycle,Bicycle,"12","2019","06","073","017801","06073017801","178.01",Census Tract 178.01,G5020,S,4345848.00000000,116020.00000000,"+33.1735608","-117.3403004",48022910.33660000563,29266.65545820000
"220",2019/12/28,19-08682,"LA COSTA AVE and SAXONY RD, Carlsbad, San Diego, United States",33.087191,-117.2872654,"82",WEST,"28",Unsafe Speed,Hit Object,Other Object,Bicycle,"12","2019","06","073","017601","06073017601","176.01",Census Tract 176.01,G5020,S,7999055.00000000,727228.00000000,"+33.0821964","-117.2792132",93921783.53529998660,41085.80053170000
"222",2019/09/30,19-06541,"MARRON RD and MARRON RD, Carlsbad, San Diego, United States",33.1767938,-117.3311118,"74",NORTH,"30",Unsafe Speed,Other,Non - Collision,Bicycle,"9","2019","06","073","017801","06073017801","178.01",Census Tract 178.01,G5020,S,4345848.00000000,116020.00000000,"+33.1735608","-117.3403004",48022910.33660000563,29266.65545820000
"223",2019/08/30,19-05803,"PALOMAR AIRPORT RD and LOKER AVE WEST, Carlsbad, San Diego, United States",33.130007,-117.2484806,"0",Not Stated,"30",Improper Turning,Broadside,Bicycle,Bicycle,"8","2019","06","073","019811","06073019811","198.11",Census Tract 198.11,G5020,S,9839617.00000000,0.00000000,"+33.1386145","-117.2514135",105903756.06100000441,71659.23407300000
"224",2019/08/29,19-05793,"RANCHO SANTA FE RD and CALLE BARCELONA, Carlsbad, San Diego, United States",33.0722449,-117.2425095,"0",Not Stated,"29",Traffic Signals and Signs,Other,Bicycle,Bicycle,"8","2019","06","073","020034","06073020034","200.34",Census Tract 200.34,G5020,S,1402956.00000000,0.00000000,"+33.0712908","-117.2532061",15100174.62739999965,15672.82531310000
"225",2019/08/24,19-05681,"CARLSBAD BLVD and SOLAMAR DR (W), Carlsbad, San Diego, United States",33.1208962,-117.3273054,"174",SOUTH,"24",Improper Turning,Other,Bicycle,Bicycle,"8","2019","06","073","017813","06073017813","178.13",Census Tract 178.13,G5020,S,4725275.00000000,2140496.00000000,"+33.1166075","-117.3234185",73896538.96209999919,53326.53828690000
"226",2019/08/15,19-05462,"7660 EL CAMINO REAL, Carlsbad, San Diego, United States",33.0873499,-117.2670605,"0",Not Stated,"15",Unknown,Hit Object,Non - Collision,Bicycle,"8","2019","06","073","020015","06073020015","200.15",Census Tract 200.15,G5020,S,2950161.00000000,0.00000000,"+33.0914050","-117.2387858",31752804.78339999914,41544.06013440000
"227",2019/08/07,19-05272,"CANNON RD and HILLTOP ST, Carlsbad, San Diego, United States",33.1526824,-117.290832,"390",EAST,"7",Unsafe Speed,Rear-End,Bicycle,Bicycle,"8","2019","06","073","019811","06073019811","198.11",Census Tract 198.11,G5020,S,9839617.00000000,0.00000000,"+33.1386145","-117.2514135",105903756.06100000441,71659.23407300000
"228",2019/07/03,19-04465,"CHESTNUT AVE and HARDING ST, Carlsbad, San Diego, United States",33.157638,-117.3410661,"0",Not Stated,"3",Auto R/W Violation,Other,Bicycle,Bicycle,"7","2019","06","073","017901","06073017901","179.01",Census Tract 179.01,G5020,S,1368630.00000000,249612.00000000,"+33.1656066","-117.3457885",17417073.34340000153,19572.17273230000
"229",2019/06/29,19-04373,"ADAMS ST and CHINQUAPIN AVE, Carlsbad, San Diego, United States",33.1494782,-117.3367293,"210",NORTH,"29",,Hit Object,Other Object,Bicycle,"6","2019","06","073","017902","06073017902","179.02",Census Tract 179.02,G5020,S,727906.00000000,77667.00000000,"+33.1518043","-117.3399517",8670360.32660000026,13551.67175500000
"230",2019/06/26,19-04298,"CARLSBAD VILLAGE DR and MADISON ST, Carlsbad, San Diego, United States",33.1608,-117.3466796,"90",EAST,"26",Unsafe Lane Change,Other,Bicycle,Bicycle,"6","2019","06","073","017901","06073017901","179.01",Census Tract 179.01,G5020,S,1368630.00000000,249612.00000000,"+33.1656066","-117.3457885",17417073.34340000153,19572.17273230000
"231",2019/06/11,19-03932,"FARADAY AVE and EL CAMINO REAL, Carlsbad, San Diego, United States",33.1366511,-117.2732373,"166",WEST,"11",Unknown,Hit Object,Other Object,Bicycle,"6","2019","06","073","019811","06073019811","198.11",Census Tract 198.11,G5020,S,9839617.00000000,0.00000000,"+33.1386145","-117.2514135",105903756.06100000441,71659.23407300000
"232",2019/05/17,19-03289,"CARLSBAD BLVD and OAK AVE, Carlsbad, San Diego, United States",33.156743,-117.3507832,"0",Not Stated,"17",Other Hazardous Movement,Rear-End,Bicycle,Bicycle,"5","2019","06","073","018000","06073018000","180",Census Tract 180,G5020,S,1287198.00000000,498824.00000000,"+33.1547915","-117.3499851",19222947.83210000023,26385.95431330000
"233",2019/05/17,19-03289,"CARLSBAD BLVD and OAK AVE, Carlsbad, San Diego, United States",33.156743,-117.3507832,"0",Not Stated,"17",Other Hazardous Movement,Other,Bicycle,Bicycle,"5","2019","06","073","018000","06073018000","180",Census Tract 180,G5020,S,1287198.00000000,498824.00000000,"+33.1547915","-117.3499851",19222947.83210000023,26385.95431330000
"234",2019/05/14,19-03229,"I-5 PAR NB OFF RAMP RA and PALOMAR AIRPORT RD, Carlsbad, San Diego, United States",33.1246131,-117.2787752,"14",SOUTH,"14",Wrong Side of Road,Other,Bicycle,Bicycle,"5","2019","06","073","022101","06073022101","221.01",Census Tract 221.01,G5020,S,12013410.00000000,509483.00000000,"+33.1364305","-117.3025918",134784069.06999999285,53434.31741590000
"235",2019/05/12,19-03169,"CARLSBAD BLVD and CEREZO DR, Carlsbad, San Diego, United States",33.1285778,-117.3327191,"87",NORTH,"12",Following Too Closely,Other,Bicycle,Bicycle,"5","2019","06","073","017813","06073017813","178.13",Census Tract 178.13,G5020,S,4725275.00000000,2140496.00000000,"+33.1166075","-117.3234185",73896538.96209999919,53326.53828690000
"236",2019/03/23,19-01923,"CARLSBAD BLVD and PINE AVE, Carlsbad, San Diego, United States",33.1551799,-117.3507373,"0",Not Stated,"23",Improper Turning,Other,Bicycle,Bicycle,"3","2019","06","073","018000","06073018000","180",Census Tract 180,G5020,S,1287198.00000000,498824.00000000,"+33.1547915","-117.3499851",19222947.83210000023,26385.95431330000
"237",2019/03/12,19-01640,"CAMINO DE LOS COCHES and TERRAZA DISOMA, Carlsbad, San Diego, United States",33.0762017,-117.2308116,"208",Not Stated,"12",Other Than Driver,Other,Non - Collision,Bicycle,"3","2019","06","073","017109","06073017109","171.09",Census Tract 171.09,G5020,S,4415562.00000000,0.00000000,"+33.0779360","-117.2333360",47525155.09560000151,44006.12060400001
"238",2019/03/06,19-01490,"HARDING ST and MAGNOLIA AVE, Carlsbad, San Diego, United States",33.154522,-117.338982,"221",SOUTH,"6",Other Hazardous Movement,Broadside,Bicycle,Bicycle,"3","2019","06","073","017902","06073017902","179.02",Census Tract 179.02,G5020,S,727906.00000000,77667.00000000,"+33.1518043","-117.3399517",8670360.32660000026,13551.67175500000
"240",2019/02/27,19-01321,"TAMARACK AVE and BIRCHWOOD CR, Carlsbad, San Diego, United States",33.1529053,-117.313963,"12",EAST,"27",Other Hazardous Movement,Broadside,Bicycle,Bicycle,"2","2019","06","073","017809","06073017809","178.09",Census Tract 178.09,G5020,S,1557483.00000000,0.00000000,"+33.1575414","-117.3267034",16763156.98660000041,22250.42677580000
"241",2019/02/16,19-01043,"CARLSBAD BLVD and BEECH AVE, Carlsbad, San Diego, United States",33.1610538,-117.3533785,"0",Not Stated,"16",Improper Turning,Sideswipe,Bicycle,Bicycle,"2","2019","06","073","018000","06073018000","180",Census Tract 180,G5020,S,1287198.00000000,498824.00000000,"+33.1547915","-117.3499851",19222947.83210000023,26385.95431330000
"242",2019/02/16,19-01039,"CARLSBAD BLVD and ISLAND WAY (E), Carlsbad, San Diego, United States",33.1117263,-117.3226536,"584",SOUTH,"16",Other Hazardous Movement,Rear-End,Pedestrian,Bicycle,"2","2019","06","073","017813","06073017813","178.13",Census Tract 178.13,G5020,S,4725275.00000000,2140496.00000000,"+33.1166075","-117.3234185",73896538.96209999919,53326.53828690000
"243",2019/01/30,19-00669,"PALOMAR AIRPORT RD and CAMINO VIDA ROBLE, Carlsbad, San Diego, United States",33.1201098,-117.2817611,"275",EAST,"30",Unsafe Speed,Hit Object,Other Object,Bicycle,"1","2019","06","073","022102","06073022102","221.02",Census Tract 221.02,G5020,S,6137855.00000000,0.00000000,"+33.1138373","-117.2816125",66061980.92620000243,39907.62649880000
"244",2019/01/26,19-00554,"EL CAMINO REAL and COLLEGE BLVD, Carlsbad, San Diego, United States",33.1430917,-117.2830477,"141",NORTH,"26",Unsafe Speed,Rear-End,Bicycle,Bicycle,"1","2019","06","073","019811","06073019811","198.11",Census Tract 198.11,G5020,S,9839617.00000000,0.00000000,"+33.1386145","-117.2514135",105903756.06100000441,71659.23407300000
"245",2019/01/23,19-00505,"CARLSBAD VILLAGE DR and HARDING ST, Carlsbad, San Diego, United States",33.1619201,-117.3445777,"213",EAST,"23",Improper Turning,Broadside,Bicycle,Bicycle,"1","2019","06","073","017901","06073017901","179.01",Census Tract 179.01,G5020,S,1368630.00000000,249612.00000000,"+33.1656066","-117.3457885",17417073.34340000153,19572.17273230000
"246",2019/01/08,19-00158,"EL CAMINO REAL and FARADAY AVE, Carlsbad, San Diego, United States",33.1366511,-117.2732373,"0",Not Stated,"8",Traffic Signals and Signs,Broadside,Bicycle,Bicycle,"1","2019","06","073","019811","06073019811","198.11",Census Tract 198.11,G5020,S,9839617.00000000,0.00000000,"+33.1386145","-117.2514135",105903756.06100000441,71659.23407300000
"247",2019/01/02,19-00030,"CARLSBAD BLVD and POINSETTIA LANE, Carlsbad, San Diego, United States",33.101796,-117.3180903,"0",Not Stated,"2",Improper Passing,Sideswipe,Bicycle,Bicycle,"1","2019","06","073","017813","06073017813","178.13",Census Tract 178.13,G5020,S,4725275.00000000,2140496.00000000,"+33.1166075","-117.3234185",73896538.96209999919,53326.53828690000
"248",2019/01/01,19-00008,"EL CAMINO REAL and CRESTVIEW DR, Carlsbad, San Diego, United States",33.150701,-117.3004705,"222",SOUTH,"1",Other Than Driver,Other,Non - Collision,Bicycle,"1","2019","06","073","017810","06073017810","178.10",Census Tract 178.10,G5020,S,3429890.00000000,410586.00000000,"+33.1484786","-117.3205379",41335071.12719999999,30476.83685660000
"157",2020/12/29,20-08169,"PASEO ABRAZO and ALGA RD, Carlsbad, San Diego, United States",33.1103841,-117.2360963,"561",SOUTH,"29",Unsafe Speed,Head-On,Bicycle,Bicycle,"12","2020","06","073","020032","06073020032","200.32",Census Tract 200.32,G5020,S,4173521.00000000,0.00000000,"+33.0909539","-117.2637718",44919882.98030000180,45965.25199830000
"158",2020/12/19,20-07966,"TAMARACK AVE and PARK DR, Carlsbad, San Diego, United States",33.1557476,-117.3258707,"0",Not Stated,"19",Auto R/W Violation,Broadside,Bicycle,Bicycle,"12","2020","06","073","017810","06073017810","178.10",Census Tract 178.10,G5020,S,3429890.00000000,410586.00000000,"+33.1484786","-117.3205379",41335071.12719999999,30476.83685660000
"159",2020/12/14,20-07826,"RANCHO SANTA FE RD and FIRE STATION 6 DY, Carlsbad, San Diego, United States",33.0944943,-117.2258216,"369",SOUTH,"14",Other Than Driver,Other,Non - Collision,Bicycle,"12","2020","06","073","017109","06073017109","171.09",Census Tract 171.09,G5020,S,4415562.00000000,0.00000000,"+33.0779360","-117.2333360",47525155.09560000151,44006.12060400001
"160",2020/12/05,20-07630,"CARLSBAD BLVD and CANNON RD, Carlsbad, San Diego, United States",33.1324834,-117.3354103,"0",Not Stated,"5",Improper Turning,Broadside,Bicycle,Bicycle,"12","2020","06","073","017813","06073017813","178.13",Census Tract 178.13,G5020,S,4725275.00000000,2140496.00000000,"+33.1166075","-117.3234185",73896538.96209999919,53326.53828690000
"161",2020/11/28,20-07460,"POINSETTIA LANE and AVIARA PY, Carlsbad, San Diego, United States",33.1098355,-117.295594,"427",WEST,"28",Unsafe Speed,Rear-End,Bicycle,Bicycle,"11","2020","06","073","017808","06073017808","178.08",Census Tract 178.08,G5020,S,5187448.00000000,456098.00000000,"+33.1005787","-117.2889625",60741857.02949999273,37152.27402870000
"162",2020/11/24,20-07372,"CARLSBAD BLVD and CARLSBAD VILLAGE DR, Carlsbad, San Diego, United States",33.1582158,-117.3509162,"133",NORTH,"24",Improper Turning,Sideswipe,Bicycle,Bicycle,"11","2020","06","073","018000","06073018000","180",Census Tract 180,G5020,S,1287198.00000000,498824.00000000,"+33.1547915","-117.3499851",19222947.83210000023,26385.95431330000
"163",2020/11/22,20-07340,"CACATUA ST and ESTURION ST, Carlsbad, San Diego, United States",33.112195,-117.2408189,"53",NORTH,"22",Unsafe Speed,Overturned,Fixed Object,Bicycle,"11","2020","06","073","020031","06073020031","200.31",Census Tract 200.31,G5020,S,4472966.00000000,0.00000000,"+33.1203127","-117.2373317",48142625.84420000017,31744.75532040000
"164",2020/11/19,20-07256,"FARADAY AVE and CAMINO HILLS DR, Carlsbad, San Diego, United States",33.1390573,-117.291683,"602",WEST,"19",Other Than Driver,Other,Non - Collision,Bicycle,"11","2020","06","073","022101","06073022101","221.01",Census Tract 221.01,G5020,S,12013410.00000000,509483.00000000,"+33.1364305","-117.3025918",134784069.06999999285,53434.31741590000
"165",2020/11/18,20-07241,"CARLSBAD BLVD and SHORE DR (N), Carlsbad, San Diego, United States",33.1319953,-117.3351673,"548",NORTH,"18",Other Hazardous Movement,Rear-End,Bicycle,Bicycle,"11","2020","06","073","017813","06073017813","178.13",Census Tract 178.13,G5020,S,4725275.00000000,2140496.00000000,"+33.1166075","-117.3234185",73896538.96209999919,53326.53828690000
"166",2020/11/12,20-07122,"6651 HIDDEN VALLEY ROAD, Carlsbad, San Diego, United States",33.114892,-117.307041,"0",Not Stated,"12",Other Improper Driving,Vehicle - Pedestrian,Pedestrian,Bicycle,"11","2020","06","073","017811","06073017811","178.11",Census Tract 178.11,G5020,S,3324088.00000000,0.00000000,"+33.1143653","-117.3081459",35777304.97360000014,25214.71734340000
"167",2020/11/11,20-07085,"CARLSBAD BLVD and SEQUOIA AVE, Carlsbad, San Diego, United States",33.1468951,-117.3447858,"886",SOUTH,"11",Unsafe Speed,Overturned,Non - Collision,Bicycle,"11","2020","06","073","018000","06073018000","180",Census Tract 180,G5020,S,1287198.00000000,498824.00000000,"+33.1547915","-117.3499851",19222947.83210000023,26385.95431330000
"168",2020/10/16,20-06517,"CARLSBAD BLVD and POINSETTIA LANE, Carlsbad, San Diego, United States",33.101796,-117.3180903,"0",Not Stated,"16",Auto R/W Violation,Broadside,Bicycle,Bicycle,"10","2020","06","073","017813","06073017813","178.13",Census Tract 178.13,G5020,S,4725275.00000000,2140496.00000000,"+33.1166075","-117.3234185",73896538.96209999919,53326.53828690000
"169",2020/10/14,20-06473,"TAMARACK AVE and LA PORTALADA DR, Carlsbad, San Diego, United States",33.1552692,-117.3112979,"0",Not Stated,"14",Auto R/W Violation,Other,Bicycle,Bicycle,"10","2020","06","073","019804","06073019804","198.04",Census Tract 198.04,G5020,S,2547914.00000000,0.00000000,"+33.1637450","-117.3117343",27423119.02529999986,22456.19959100000
"170",2020/10/09,20-06343,"JEFFERSON ST and GRAND AVE, Carlsbad, San Diego, United States",33.161278,-117.348579,"0",Not Stated,"9",Driving Under Influence,Other,Non - Collision,Bicycle,"10","2020","06","073","017901","06073017901","179.01",Census Tract 179.01,G5020,S,1368630.00000000,249612.00000000,"+33.1656066","-117.3457885",17417073.34340000153,19572.17273230000
"171",2020/10/07,20-06299,"POINSETTIA LANE and BLACK RAIL RD, Carlsbad, San Diego, United States",33.1134335,-117.2877561,"100",EAST,"7",Unknown,Hit Object,Fixed Object,Bicycle,"10","2020","06","073","022102","06073022102","221.02",Census Tract 221.02,G5020,S,6137855.00000000,0.00000000,"+33.1138373","-117.2816125",66061980.92620000243,39907.62649880000
"172",2020/10/07,20-06281,"EL CAMINO REAL and LA COSTA TOWNE CENTER DY, Carlsbad, San Diego, United States",33.081364,-117.266624,"20",NORTH,"7",Unsafe Speed,Hit Object,Non - Collision,Bicycle,"10","2020","06","073","017601","06073017601","176.01",Census Tract 176.01,G5020,S,7999055.00000000,727228.00000000,"+33.0821964","-117.2792132",93921783.53529998660,41085.80053170000
"175",2020/10/04,20-06209,"ROOSEVELT ST and PINE AVE, Carlsbad, San Diego, United States",33.157993,-117.345886,"200",NORTH,"4",Driving Under Influence,Rear-End,Parked Motor Vehicle,Bicycle,"10","2020","06","073","017901","06073017901","179.01",Census Tract 179.01,G5020,S,1368630.00000000,249612.00000000,"+33.1656066","-117.3457885",17417073.34340000153,19572.17273230000
"176",2020/10/03,20-06184,"TAMARACK AVE and SUNNYHILL DR, Carlsbad, San Diego, United States",33.154194,-117.321548,"55",WEST,"3",,Other,Fixed Object,Bicycle,"10","2020","06","073","017810","06073017810","178.10",Census Tract 178.10,G5020,S,3429890.00000000,410586.00000000,"+33.1484786","-117.3205379",41335071.12719999999,30476.83685660000
"179",2020/09/26,20-06000,"PASEO DEL NORTE and CAMINO DEL PARQUE (W), Carlsbad, San Diego, United States",33.1164331,-117.3154575,"170",NORTH,"26",Improper Turning,Sideswipe,Bicycle,Bicycle,"9","2020","06","073","017811","06073017811","178.11",Census Tract 178.11,G5020,S,3324088.00000000,0.00000000,"+33.1143653","-117.3081459",35777304.97360000014,25214.71734340000
"181",2020/09/19,20-05841,"CARLSBAD BLVD and CHRISTIANSEN WAY, Carlsbad, San Diego, United States",33.1600298,-117.3524078,"0",Not Stated,"19",Improper Turning,Broadside,Bicycle,Bicycle,"9","2020","06","073","018000","06073018000","180",Census Tract 180,G5020,S,1287198.00000000,498824.00000000,"+33.1547915","-117.3499851",19222947.83210000023,26385.95431330000
"182",2020/09/10,20-05606,"LA COSTA AVE and PIRAEUS ST, Carlsbad, San Diego, United States",33.084636,-117.2962711,"0",Not Stated,"10",Improper Turning,Sideswipe,Bicycle,Bicycle,"9","2020","06","073","017601","06073017601","176.01",Census Tract 176.01,G5020,S,7999055.00000000,727228.00000000,"+33.0821964","-117.2792132",93921783.53529998660,41085.80053170000
"183",2020/09/07,20-05533,"CARLSBAD BLVD and ISLAND WAY (W), Carlsbad, San Diego, United States",33.1117263,-117.3226536,"0",Not Stated,"7",Traffic Signals and Signs,Broadside,Bicycle,Bicycle,"9","2020","06","073","017813","06073017813","178.13",Census Tract 178.13,G5020,S,4725275.00000000,2140496.00000000,"+33.1166075","-117.3234185",73896538.96209999919,53326.53828690000
"184",2020/09/04,20-05458,"BATIQUITOS DR and POINSETTIA LANE, Carlsbad, San Diego, United States",33.1044514,-117.3051766,"4",NORTH,"4",Unsafe Speed,Broadside,Bicycle,Bicycle,"9","2020","06","073","017808","06073017808","178.08",Census Tract 178.08,G5020,S,5187448.00000000,456098.00000000,"+33.1005787","-117.2889625",60741857.02949999273,37152.27402870000
"185",2020/08/30,20-05325,"PALOMAR AIRPORT RD and PASEO DEL NORTE, Carlsbad, San Diego, United States",33.1221336,-117.3191715,"0",Not Stated,"30",Traffic Signals and Signs,Sideswipe,Bicycle,Bicycle,"8","2020","06","073","022101","06073022101","221.01",Census Tract 221.01,G5020,S,12013410.00000000,509483.00000000,"+33.1364305","-117.3025918",134784069.06999999285,53434.31741590000
"186",2020/08/26,20-05234,"EL CAMINO REAL and PALOMAR AIRPORT RD, Carlsbad, San Diego, United States",33.1294876,-117.2668207,"69",NORTH,"26",,Other,Fixed Object,Bicycle,"8","2020","06","073","022102","06073022102","221.02",Census Tract 221.02,G5020,S,6137855.00000000,0.00000000,"+33.1138373","-117.2816125",66061980.92620000243,39907.62649880000
"187",2020/08/24,20-05194,"MELROSE DR and RANCHO SANTA FE RD, Carlsbad, San Diego, United States",33.1070361,-117.2255707,"0",Not Stated,"24",Unsafe Speed,Overturned,Non - Collision,Bicycle,"8","2020","06","073","020032","06073020032","200.32",Census Tract 200.32,G5020,S,4173521.00000000,0.00000000,"+33.0909539","-117.2637718",44919882.98030000180,45965.25199830000
"188",2020/08/22,20-05104,"560 CARLSBAD VILLAGE DR, Carlsbad, San Diego, United States",33.1602662,-117.3482887,"0",Not Stated,"22",Not Stated,Other,Non - Collision,Bicycle,"8","2020","06","073","017901","06073017901","179.01",Census Tract 179.01,G5020,S,1368630.00000000,249612.00000000,"+33.1656066","-117.3457885",17417073.34340000153,19572.17273230000
"189",2020/08/22,20-05174,"CARLSBAD BLVD and CARLSBAD VILLAGE DR, Carlsbad, San Diego, United States",33.1582158,-117.3509162,"0",Not Stated,"22",Unsafe Speed,Broadside,Bicycle,Bicycle,"8","2020","06","073","018000","06073018000","180",Census Tract 180,G5020,S,1287198.00000000,498824.00000000,"+33.1547915","-117.3499851",19222947.83210000023,26385.95431330000
"190",2020/08/21,20-05089,"CARLSBAD BLVD and ISLAND WAY (W), Carlsbad, San Diego, United States",33.1117263,-117.3226536,"50",NORTH,"21",Improper Turning,Sideswipe,Bicycle,Bicycle,"8","2020","06","073","017813","06073017813","178.13",Census Tract 178.13,G5020,S,4725275.00000000,2140496.00000000,"+33.1166075","-117.3234185",73896538.96209999919,53326.53828690000
"191",2020/08/20,20-05079,"2978 CARLSBAD BOULEVARD, Carlsbad, San Diego, United States",33.1587639,-117.3508596,"0",Not Stated,"20",Other Improper Driving,Broadside,Bicycle,Bicycle,"8","2020","06","073","018000","06073018000","180",Census Tract 180,G5020,S,1287198.00000000,498824.00000000,"+33.1547915","-117.3499851",19222947.83210000023,26385.95431330000
"192",2020/08/15,20-04932,"CARLSBAD BLVD and BEECH AVE, Carlsbad, San Diego, United States",33.1610538,-117.3533785,"23",SOUTH,"15",Improper Turning,Sideswipe,Bicycle,Bicycle,"8","2020","06","073","018000","06073018000","180",Census Tract 180,G5020,S,1287198.00000000,498824.00000000,"+33.1547915","-117.3499851",19222947.83210000023,26385.95431330000
"193",2020/08/08,20-05235,"PRIVATE PROPERTY and LEGOLAND DR, Carlsbad, San Diego, United States",33.1288535,-117.3147358,"24",EAST,"8",Other Improper Driving,Hit Object,Fixed Object,Bicycle,"8","2020","06","073","022101","06073022101","221.01",Census Tract 221.01,G5020,S,12013410.00000000,509483.00000000,"+33.1364305","-117.3025918",134784069.06999999285,53434.31741590000
"194",2020/08/06,20-04754,"2772 ROOSEVELT ST and BEECH AVE, Carlsbad, San Diego, United States",33.1627287,-117.3492069,"45",SOUTH,"6",Unsafe Lane Change,Rear-End,Bicycle,Bicycle,"8","2020","06","073","017901","06073017901","179.01",Census Tract 179.01,G5020,S,1368630.00000000,249612.00000000,"+33.1656066","-117.3457885",17417073.34340000153,19572.17273230000
"195",2020/08/01,20-04629,"CANNON RD and AVENIDA ENCINAS, Carlsbad, San Diego, United States",33.1339421,-117.330945,"0",Not Stated,"1",Traffic Signals and Signs,Broadside,Bicycle,Bicycle,"8","2020","06","073","017813","06073017813","178.13",Census Tract 178.13,G5020,S,4725275.00000000,2140496.00000000,"+33.1166075","-117.3234185",73896538.96209999919,53326.53828690000
"196",2020/07/30,20-04567,"POINSETTIA AVE and AVENIDA ENCINAS, Carlsbad, San Diego, United States",33.1029063,-117.3134841,"465",WEST,"30",Other Improper Driving,Other,Bicycle,Bicycle,"7","2020","06","073","017813","06073017813","178.13",Census Tract 178.13,G5020,S,4725275.00000000,2140496.00000000,"+33.1166075","-117.3234185",73896538.96209999919,53326.53828690000
"197",2020/07/10,20-04121,"CARLSBAD BLVD and SEQUOIA AVE, Carlsbad, San Diego, United States",33.1468951,-117.3447858,"2052",SOUTH,"10",Pedestrian Violation,Head-On,Pedestrian,Bicycle,"7","2020","06","073","018000","06073018000","180",Census Tract 180,G5020,S,1287198.00000000,498824.00000000,"+33.1547915","-117.3499851",19222947.83210000023,26385.95431330000
"198",2020/07/05,20-03980,"RANCHO SANTA FE RD and LA COSTA AVE, Carlsbad, San Diego, United States",33.0815368,-117.2367672,"261",NORTH,"5",Unsafe Speed,Other,Bicycle,Bicycle,"7","2020","06","073","017109","06073017109","171.09",Census Tract 171.09,G5020,S,4415562.00000000,0.00000000,"+33.0779360","-117.2333360",47525155.09560000151,44006.12060400001
"199",2020/06/17,20-03590,"CARLSBAD BLVD and CHRISTIANSEN WAY, Carlsbad, San Diego, United States",33.1600298,-117.3524078,"0",Not Stated,"17",Improper Turning,Broadside,Bicycle,Bicycle,"6","2020","06","073","018000","06073018000","180",Census Tract 180,G5020,S,1287198.00000000,498824.00000000,"+33.1547915","-117.3499851",19222947.83210000023,26385.95431330000
"200",2020/06/14,20-03515,"CARLSBAD VILLAGE DR and CARLSBAD BLVD, Carlsbad, San Diego, United States",33.1582158,-117.3509162,"202",EAST,"14",Improper Turning,Sideswipe,Bicycle,Bicycle,"6","2020","06","073","018000","06073018000","180",Census Tract 180,G5020,S,1287198.00000000,498824.00000000,"+33.1547915","-117.3499851",19222947.83210000023,26385.95431330000
"201",2020/06/11,20-03446,"OAK AVE and MADISON ST, Carlsbad, San Diego, United States",33.1596694,-117.3457717,"27",SOUTH,"11",Unsafe Lane Change,Rear-End,Bicycle,Bicycle,"6","2020","06","073","017901","06073017901","179.01",Census Tract 179.01,G5020,S,1368630.00000000,249612.00000000,"+33.1656066","-117.3457885",17417073.34340000153,19572.17273230000
"202",2020/05/16,20-02886,"EL CAMINO REAL and COUGAR DR, Carlsbad, San Diego, United States",33.140727,-117.2761439,"296",NORTH,"16",Unsafe Speed,Other,Non - Collision,Bicycle,"5","2020","06","073","019811","06073019811","198.11",Census Tract 198.11,G5020,S,9839617.00000000,0.00000000,"+33.1386145","-117.2514135",105903756.06100000441,71659.23407300000
"203",2020/05/14,20-02851,"EL CAMINO REAL and KELLY DR, Carlsbad, San Diego, United States",33.1524537,-117.3100736,"370",SOUTH,"14",Improper Turning,Sideswipe,Bicycle,Bicycle,"5","2020","06","073","019811","06073019811","198.11",Census Tract 198.11,G5020,S,9839617.00000000,0.00000000,"+33.1386145","-117.2514135",105903756.06100000441,71659.23407300000
"204",2020/05/09,20-02728,"CARLSBAD BLVD and AVENIDA ENCINAS, Carlsbad, San Diego, United States",33.0918303,-117.3138019,"293",SOUTH,"9",Improper Turning,Sideswipe,Bicycle,Bicycle,"5","2020","06","073","017813","06073017813","178.13",Census Tract 178.13,G5020,S,4725275.00000000,2140496.00000000,"+33.1166075","-117.3234185",73896538.96209999919,53326.53828690000
"205",2020/05/05,20-02659,"CARLSBAD BLVD and BREAKWATER RD, Carlsbad, San Diego, United States",33.106094,-117.3197642,"108",NORTH,"5",Other Than Driver,Other,Non - Collision,Bicycle,"5","2020","06","073","017813","06073017813","178.13",Census Tract 178.13,G5020,S,4725275.00000000,2140496.00000000,"+33.1166075","-117.3234185",73896538.96209999919,53326.53828690000
"206",2020/05/05,20-02664,"CARLSBAD VILLAGE DR and PIO PICO DR, Carlsbad, San Diego, United States",33.1640196,-117.3410752,"0",Not Stated,"5",Unsafe Speed,Other,Non - Collision,Bicycle,"5","2020","06","073","017801","06073017801","178.01",Census Tract 178.01,G5020,S,4345848.00000000,116020.00000000,"+33.1735608","-117.3403004",48022910.33660000563,29266.65545820000
"208",2020/04/19,20-02360,"CANNON RD and FARADAY AVE, Carlsbad, San Diego, United States",33.139174,-117.3072205,"1531",WEST,"19",Unsafe Speed,Overturned,Non - Collision,Bicycle,"4","2020","06","073","022101","06073022101","221.01",Census Tract 221.01,G5020,S,12013410.00000000,509483.00000000,"+33.1364305","-117.3025918",134784069.06999999285,53434.31741590000
"209",2020/03/28,20-02007,"BARBERRY PL and CAMINO DE LAS ONDAS, Carlsbad, San Diego, United States",33.1111485,-117.2993133,"482",NORTH,"28",Improper Turning,Sideswipe,Bicycle,Bicycle,"3","2020","06","073","017811","06073017811","178.11",Census Tract 178.11,G5020,S,3324088.00000000,0.00000000,"+33.1143653","-117.3081459",35777304.97360000014,25214.71734340000
"211",2020/03/05,20-01598,"AVIARA PY and MANZANITA ST, Carlsbad, San Diego, United States",33.0987973,-117.2679612,"0",Not Stated,"5",Traffic Signals and Signs,Broadside,Bicycle,Bicycle,"3","2020","06","073","017808","06073017808","178.08",Census Tract 178.08,G5020,S,5187448.00000000,456098.00000000,"+33.1005787","-117.2889625",60741857.02949999273,37152.27402870000
"213",2020/01/23,20-00507,"TAMARACK AVE and EDINBURGH DR, Carlsbad, San Diego, United States",33.1635924,-117.3010865,"12",WEST,"23",Unsafe Speed,Other,Bicycle,Bicycle,"1","2020","06","073","019804","06073019804","198.04",Census Tract 198.04,G5020,S,2547914.00000000,0.00000000,"+33.1637450","-117.3117343",27423119.02529999986,22456.19959100000
"214",2020/01/22,20-00505,"PIO PICO DR and CARLSBAD VILLAGE DR, Carlsbad, San Diego, United States",33.1640196,-117.3410752,"165",SOUTH,"22",Auto R/W Violation,Other,Bicycle,Bicycle,"1","2020","06","073","017801","06073017801","178.01",Census Tract 178.01,G5020,S,4345848.00000000,116020.00000000,"+33.1735608","-117.3403004",48022910.33660000563,29266.65545820000
"215",2020/01/18,20-00381,"I-5 PAR NB OFF RAMP and PALOMAR AIRPORT RD, Carlsbad, San Diego, United States",33.1246131,-117.2787752,"0",Not Stated,"18",Traffic Signals and Signs,Other,Bicycle,Bicycle,"1","2020","06","073","022101","06073022101","221.01",Census Tract 221.01,G5020,S,12013410.00000000,509483.00000000,"+33.1364305","-117.3025918",134784069.06999999285,53434.31741590000
"216",2020/01/14,20-00287,"CANNON RD and COLLEGE BLVD, Carlsbad, San Diego, United States",33.1549962,-117.2871277,"15",WEST,"14",Other Improper Driving,Other,Bicycle,Bicycle,"1","2020","06","073","019811","06073019811","198.11",Census Tract 198.11,G5020,S,9839617.00000000,0.00000000,"+33.1386145","-117.2514135",105903756.06100000441,71659.23407300000
"217",2020/01/13,20-00266,"CARLSBAD BLVD and SYCAMORE AVE, Carlsbad, San Diego, United States",33.1533132,-117.3498155,"41",NORTH,"13",Unsafe Speed,Sideswipe,Fixed Object,Bicycle,"1","2020","06","073","018000","06073018000","180",Census Tract 180,G5020,S,1287198.00000000,498824.00000000,"+33.1547915","-117.3499851",19222947.83210000023,26385.95431330000
"218",2020/01/13,20-00269,"CARLSBAD BLVD and GRAND AVE, Carlsbad, San Diego, United States",33.1593734,-117.3518766,"150",NORTH,"13",Improper Turning,Sideswipe,Bicycle,Bicycle,"1","2020","06","073","018000","06073018000","180",Census Tract 180,G5020,S,1287198.00000000,498824.00000000,"+33.1547915","-117.3499851",19222947.83210000023,26385.95431330000
"58",2021/12/28,21-08645,"HARBOR POINT RD and PASEO DEL NORTE, Carlsbad, San Diego, United States",33.1067033,-117.3086908,"25",WEST,"28",Other Improper Driving,Broadside,Bicycle,Bicycle,"12","2021","06","073","017811","06073017811","178.11",Census Tract 178.11,G5020,S,3324088.00000000,0.00000000,"+33.1143653","-117.3081459",35777304.97360000014,25214.71734340000
"60",2021/12/21,21-08514,"COLLEGE BLVD and FARADAY AVE, Carlsbad, San Diego, United States",33.1353944,-117.2859197,"200",NORTH,"21",Following Too Closely,Rear-End,Bicycle,Bicycle,"12","2021","06","073","022101","06073022101","221.01",Census Tract 221.01,G5020,S,12013410.00000000,509483.00000000,"+33.1364305","-117.3025918",134784069.06999999285,53434.31741590000
"61",2021/12/20,21-08486,"CARLSBAD BLVD and AVENIDA ENCINAS, Carlsbad, San Diego, United States",33.0918303,-117.3138019,"394",SOUTH,"20",Improper Turning,Rear-End,Bicycle,Bicycle,"12","2021","06","073","017813","06073017813","178.13",Census Tract 178.13,G5020,S,4725275.00000000,2140496.00000000,"+33.1166075","-117.3234185",73896538.96209999919,53326.53828690000
"63",2021/12/10,21-08256,"POINSETTIA LANE and ALICANTE RD, Carlsbad, San Diego, United States",33.1146847,-117.2606896,"818",EAST,"10",Unsafe Speed,Broadside,Bicycle,Bicycle,"12","2021","06","073","020030","06073020030","200.30",Census Tract 200.30,G5020,S,5935321.00000000,0.00000000,"+33.1151161","-117.2578699",63882042.65519999713,35054.92352510000
"64",2021/12/02,21-08065,"POINSETTIA LANE and AVENIDA ENCINAS, Carlsbad, San Diego, United States",33.1029063,-117.3134841,"0",Not Stated,"2",Unsafe Speed,Rear-End,Bicycle,Bicycle,"12","2021","06","073","017813","06073017813","178.13",Census Tract 178.13,G5020,S,4725275.00000000,2140496.00000000,"+33.1166075","-117.3234185",73896538.96209999919,53326.53828690000
"67",2021/11/16,21-07691,"WHITMAN WAY and FARADAY AVE, Carlsbad, San Diego, United States",33.1387106,-117.3063862,"3168000",NORTH,"16",Unknown,Sideswipe,Bicycle,Bicycle,"11","2021","06","073","022101","06073022101","221.01",Census Tract 221.01,G5020,S,12013410.00000000,509483.00000000,"+33.1364305","-117.3025918",134784069.06999999285,53434.31741590000
"68",2021/11/12,21-07589,"CARLSBAD VILLAGE DR and CARLSBAD BLVD, Carlsbad, San Diego, United States",33.1582158,-117.3509162,"200",EAST,"12",Improper Turning,Broadside,Bicycle,Bicycle,"11","2021","06","073","018000","06073018000","180",Census Tract 180,G5020,S,1287198.00000000,498824.00000000,"+33.1547915","-117.3499851",19222947.83210000023,26385.95431330000
"73",2021/10/27,21-07201,"JEFFERSON ST and TAMARACK AVE, Carlsbad, San Diego, United States",33.1545825,-117.3181712,"0",Not Stated,"27",,Broadside,Bicycle,Bicycle,"10","2021","06","073","017810","06073017810","178.10",Census Tract 178.10,G5020,S,3429890.00000000,410586.00000000,"+33.1484786","-117.3205379",41335071.12719999999,30476.83685660000
"74",2021/10/24,21-07137,"CARLSBAD BLVD and PONTO RD, Carlsbad, San Diego, United States",33.09839,-117.3169496,"655",SOUTH,"24",Unknown,Other,Not Stated,Bicycle,"10","2021","06","073","017813","06073017813","178.13",Census Tract 178.13,G5020,S,4725275.00000000,2140496.00000000,"+33.1166075","-117.3234185",73896538.96209999919,53326.53828690000
"77",2021/10/06,21-06701,"CAMINO VIDA ROBLE and EL CAMINO REAL, Carlsbad, San Diego, United States",33.1198118,-117.2672131,"1320",WEST,"6",Improper Turning,Rear-End,Bicycle,Bicycle,"10","2021","06","073","020030","06073020030","200.30",Census Tract 200.30,G5020,S,5935321.00000000,0.00000000,"+33.1151161","-117.2578699",63882042.65519999713,35054.92352510000
"78",2021/10/03,21-06613,"CARLSBAD BLVD and PONTO RD, Carlsbad, San Diego, United States",33.09839,-117.3169496,"300",SOUTH,"3",Following Too Closely,Rear-End,Bicycle,Bicycle,"10","2021","06","073","017813","06073017813","178.13",Census Tract 178.13,G5020,S,4725275.00000000,2140496.00000000,"+33.1166075","-117.3234185",73896538.96209999919,53326.53828690000
"80",2021/09/30,21-06529,"CASSIA RD and EL CAMINO REAL, Carlsbad, San Diego, United States",33.1140784,-117.2714258,"9",EAST,"30",Ped R/W Violation,Head-On,Bicycle,Bicycle,"9","2021","06","073","020030","06073020030","200.30",Census Tract 200.30,G5020,S,5935321.00000000,0.00000000,"+33.1151161","-117.2578699",63882042.65519999713,35054.92352510000
"81",2021/09/29,21-06500,"CHESTNUT AVE and MONROE ST, Carlsbad, San Diego, United States",33.161634,-117.3264132,"650",WEST,"29",Auto R/W Violation,Broadside,Bicycle,Bicycle,"9","2021","06","073","017809","06073017809","178.09",Census Tract 178.09,G5020,S,1557483.00000000,0.00000000,"+33.1575414","-117.3267034",16763156.98660000041,22250.42677580000
"82",2021/09/27,21-06491,"TAMARACK AVE and BRITTANY WAY, Carlsbad, San Diego, United States",33.174194,-117.298981,"0",Not Stated,"27",Following Too Closely,Other,Bicycle,Bicycle,"9","2021","06","073","019803","06073019803","198.03",Census Tract 198.03,G5020,S,3798709.00000000,0.00000000,"+33.1753289","-117.3081968",40885369.10100000352,29812.35375420000
"83",2021/09/25,21-06421,"STATE ST and LAGUNA DR, Carlsbad, San Diego, United States",33.1652652,-117.3466418,"0",Not Stated,"25",Auto R/W Violation,Sideswipe,Bicycle,Bicycle,"9","2021","06","073","017901","06073017901","179.01",Census Tract 179.01,G5020,S,1368630.00000000,249612.00000000,"+33.1656066","-117.3457885",17417073.34340000153,19572.17273230000
"84",2021/09/25,21-06426,"CARLSBAD BLVD and GRAND AVE, Carlsbad, San Diego, United States",33.1593734,-117.3518766,"152",SOUTH,"25",Improper Turning,Sideswipe,Bicycle,Bicycle,"9","2021","06","073","018000","06073018000","180",Census Tract 180,G5020,S,1287198.00000000,498824.00000000,"+33.1547915","-117.3499851",19222947.83210000023,26385.95431330000
"85",2021/09/23,21-06371,"COLLEGE BLVD and RICH FIELD DR, Carlsbad, San Diego, United States",33.1592464,-117.291112,"12",NORTH,"23",Unsafe Speed,Rear-End,Bicycle,Bicycle,"9","2021","06","073","019811","06073019811","198.11",Census Tract 198.11,G5020,S,9839617.00000000,0.00000000,"+33.1386145","-117.2514135",105903756.06100000441,71659.23407300000
"87",2021/09/16,21-06223,"MADISON ST and CARLSBAD VILLAGE DR, Carlsbad, San Diego, United States",33.1608,-117.3466796,"154",SOUTH,"16",Unsafe Speed,Rear-End,Bicycle,Bicycle,"9","2021","06","073","017901","06073017901","179.01",Census Tract 179.01,G5020,S,1368630.00000000,249612.00000000,"+33.1656066","-117.3457885",17417073.34340000153,19572.17273230000
"88",2021/09/15,21-06212,"EL CAMINO REAL and AVIARA PY, Carlsbad, San Diego, United States",33.1023291,-117.2664028,"0",Not Stated,"15",Auto R/W Violation,Other,Bicycle,Bicycle,"9","2021","06","073","020030","06073020030","200.30",Census Tract 200.30,G5020,S,5935321.00000000,0.00000000,"+33.1151161","-117.2578699",63882042.65519999713,35054.92352510000
"89",2021/09/14,21-06188,"CARLSBAD VILLAGE DR and HARDING ST, Carlsbad, San Diego, United States",33.1619201,-117.3445777,"0",Not Stated,"14",Auto R/W Violation,Broadside,Bicycle,Bicycle,"9","2021","06","073","017901","06073017901","179.01",Census Tract 179.01,G5020,S,1368630.00000000,249612.00000000,"+33.1656066","-117.3457885",17417073.34340000153,19572.17273230000
"90",2021/09/11,21-06122,"TAMARACK AVE and KIRKWALL AVE, Carlsbad, San Diego, United States",33.1624498,-117.3020927,"276",SOUTH,"11",Unsafe Speed,Other,Non - Collision,Bicycle,"9","2021","06","073","019804","06073019804","198.04",Census Tract 198.04,G5020,S,2547914.00000000,0.00000000,"+33.1637450","-117.3117343",27423119.02529999986,22456.19959100000
"92",2021/09/03,21-05922,"CHESTNUT AVE and MONROE ST, Carlsbad, San Diego, United States",33.161634,-117.3264132,"186",EAST,"3",Improper Turning,Rear-End,Bicycle,Bicycle,"9","2021","06","073","017809","06073017809","178.09",Census Tract 178.09,G5020,S,1557483.00000000,0.00000000,"+33.1575414","-117.3267034",16763156.98660000041,22250.42677580000
"95",2021/08/28,21-05772,"CARLSBAD BLVD and SOLAMAR DR (W), Carlsbad, San Diego, United States",33.1208962,-117.3273054,"970",SOUTH,"28",Unsafe Speed,Vehicle - Pedestrian,Pedestrian,Bicycle,"8","2021","06","073","017813","06073017813","178.13",Census Tract 178.13,G5020,S,4725275.00000000,2140496.00000000,"+33.1166075","-117.3234185",73896538.96209999919,53326.53828690000
"96",2021/08/24,21-05652,"CAMINO DE LOS COCHES and CALLE ACERVO, Carlsbad, San Diego, United States",33.0748155,-117.2342567,"20",WEST,"24",Unsafe Speed,Hit Object,Non - Collision,Bicycle,"8","2021","06","073","017109","06073017109","171.09",Census Tract 171.09,G5020,S,4415562.00000000,0.00000000,"+33.0779360","-117.2333360",47525155.09560000151,44006.12060400001
"99",2021/08/11,21-05375,"CARLSBAD BLVD and CANNON RD, Carlsbad, San Diego, United States",33.1324834,-117.3354103,"3300",NORTH,"11",Improper Turning,Sideswipe,Bicycle,Bicycle,"8","2021","06","073","017813","06073017813","178.13",Census Tract 178.13,G5020,S,4725275.00000000,2140496.00000000,"+33.1166075","-117.3234185",73896538.96209999919,53326.53828690000
"100",2021/08/09,21-05342,"CARLSBAD VILLAGE DR and EL CAMINO REAL, Carlsbad, San Diego, United States",33.1717487,-117.3225535,"0",WEST,"9",Unknown,Other,Non - Collision,Bicycle,"8","2021","06","073","019803","06073019803","198.03",Census Tract 198.03,G5020,S,3798709.00000000,0.00000000,"+33.1753289","-117.3081968",40885369.10100000352,29812.35375420000
"102",2021/08/04,21-05203,"CARLSBAD BLVD and MANZANO DR, Carlsbad, San Diego, United States",33.1267117,-117.3303266,"154",NORTH,"4",Unknown,Hit Object,Fixed Object,Bicycle,"8","2021","06","073","017813","06073017813","178.13",Census Tract 178.13,G5020,S,4725275.00000000,2140496.00000000,"+33.1166075","-117.3234185",73896538.96209999919,53326.53828690000
"103",2021/08/03,21-05174,"MONROE ST and HOSP WAY, Carlsbad, San Diego, United States",33.170887,-117.334557,"0",Not Stated,"3",Traffic Signals and Signs,Broadside,Bicycle,Bicycle,"8","2021","06","073","017801","06073017801","178.01",Census Tract 178.01,G5020,S,4345848.00000000,116020.00000000,"+33.1735608","-117.3403004",48022910.33660000563,29266.65545820000
"105",2021/07/25,21-04970,"ALGA RD and ESTRELLA DE MAR RD, Carlsbad, San Diego, United States",33.1023339,-117.2630682,"646",EAST,"25",Improper Turning,Overturned,Bicycle,Bicycle,"7","2021","06","073","020030","06073020030","200.30",Census Tract 200.30,G5020,S,5935321.00000000,0.00000000,"+33.1151161","-117.2578699",63882042.65519999713,35054.92352510000
"106",2021/07/25,21-04959,"CARLSBAD BLVD and OAK AVE, Carlsbad, San Diego, United States",33.156743,-117.3507832,"0",Not Stated,"25",Ped R/W Violation,Vehicle - Pedestrian,Pedestrian,Bicycle,"7","2021","06","073","018000","06073018000","180",Census Tract 180,G5020,S,1287198.00000000,498824.00000000,"+33.1547915","-117.3499851",19222947.83210000023,26385.95431330000
"109",2021/07/21,21-04851,"PIO PICO DR and LAS FLORES DR, Carlsbad, San Diego, United States",33.170681,-117.344437,"8",NORTH,"21",Improper Turning,Overturned,Non - Collision,Bicycle,"7","2021","06","073","017801","06073017801","178.01",Census Tract 178.01,G5020,S,4345848.00000000,116020.00000000,"+33.1735608","-117.3403004",48022910.33660000563,29266.65545820000
"111",2021/07/18,21-04789,"POINSETTIA LANE and CRYSTALLINE DR, Carlsbad, San Diego, United States",33.1088381,-117.2989217,"720",WEST,"18",Other Improper Driving,Rear-End,Bicycle,Bicycle,"7","2021","06","073","017811","06073017811","178.11",Census Tract 178.11,G5020,S,3324088.00000000,0.00000000,"+33.1143653","-117.3081459",35777304.97360000014,25214.71734340000
"112",2021/07/18,21-04795,"HILLSIDE DR and SKYLINE RD, Carlsbad, San Diego, United States",33.1552443,-117.3202823,"150",EAST,"18",Improper Turning,Other,Non - Collision,Bicycle,"7","2021","06","073","017809","06073017809","178.09",Census Tract 178.09,G5020,S,1557483.00000000,0.00000000,"+33.1575414","-117.3267034",16763156.98660000041,22250.42677580000
"113",2021/07/17,21-04780,"CHESTNUT AVE and PIO PICO DR, Carlsbad, San Diego, United States",33.158318,-117.339317,"234",WEST,"17",Other Hazardous Movement,Broadside,Bicycle,Bicycle,"7","2021","06","073","017809","06073017809","178.09",Census Tract 178.09,G5020,S,1557483.00000000,0.00000000,"+33.1575414","-117.3267034",16763156.98660000041,22250.42677580000
"114",2021/07/17,21-04765,"PALOMAR AIRPORT RD and PASEO DEL NORTE, Carlsbad, San Diego, United States",33.1221336,-117.3191715,"24",WEST,"17",Other Than Driver,Other,Fixed Object,Bicycle,"7","2021","06","073","022101","06073022101","221.01",Census Tract 221.01,G5020,S,12013410.00000000,509483.00000000,"+33.1364305","-117.3025918",134784069.06999999285,53434.31741590000
"116",2021/07/08,21-04568,"CARLSBAD BLVD and STATE ST, Carlsbad, San Diego, United States",33.1666392,-117.3549736,"0",Not Stated,"8",Auto R/W Violation,Broadside,Bicycle,Bicycle,"7","2021","06","073","018000","06073018000","180",Census Tract 180,G5020,S,1287198.00000000,498824.00000000,"+33.1547915","-117.3499851",19222947.83210000023,26385.95431330000
"117",2021/07/05,21-04494,"2775 STATE STREET, Carlsbad, San Diego, United States",33.1611636,-117.3513359,"0",Not Stated,"5",Driving Under Influence,Hit Object,Fixed Object,Bicycle,"7","2021","06","073","018000","06073018000","180",Census Tract 180,G5020,S,1287198.00000000,498824.00000000,"+33.1547915","-117.3499851",19222947.83210000023,26385.95431330000
"119",2021/06/25,21-04265,"LA COSTA AVE and EL CAMINO REAL, Carlsbad, San Diego, United States",33.0853092,-117.2685925,"0",Not Stated,"25",Traffic Signals and Signs,Broadside,Bicycle,Bicycle,"6","2021","06","073","017601","06073017601","176.01",Census Tract 176.01,G5020,S,7999055.00000000,727228.00000000,"+33.0821964","-117.2792132",93921783.53529998660,41085.80053170000
"120",2021/06/25,21-04247,"CARLSBAD BLVD and STATE ST, Carlsbad, San Diego, United States",33.1666392,-117.3549736,"300",NORTH,"25",Other Than Driver,Other,Fixed Object,Bicycle,"6","2021","06","073","018000","06073018000","180",Census Tract 180,G5020,S,1287198.00000000,498824.00000000,"+33.1547915","-117.3499851",19222947.83210000023,26385.95431330000
"122",2021/06/15,21-04017,"EL CAMINO REAL and HOSP WAY, Carlsbad, San Diego, United States",33.175106,-117.3253197,"68",SOUTH,"15",Improper Turning,Sideswipe,Bicycle,Bicycle,"6","2021","06","073","019803","06073019803","198.03",Census Tract 198.03,G5020,S,3798709.00000000,0.00000000,"+33.1753289","-117.3081968",40885369.10100000352,29812.35375420000
"123",2021/06/12,21-03937,"300 CARLSBAD VILLAGE DR. (P. LOT) and CARLSBAD BLVD, Carlsbad, San Diego, United States",33.1266441,-117.3313613,"400",EAST,"12",Other Improper Driving,Broadside,Bicycle,Bicycle,"6","2021","06","073","017813","06073017813","178.13",Census Tract 178.13,G5020,S,4725275.00000000,2140496.00000000,"+33.1166075","-117.3234185",73896538.96209999919,53326.53828690000
"124",2021/06/02,21-03702,"POINSETTIA LANE and CASSIA RD, Carlsbad, San Diego, United States",33.1124786,-117.2793996,"250",EAST,"2",Unsafe Speed,Rear-End,Parked Motor Vehicle,Bicycle,"6","2021","06","073","022102","06073022102","221.02",Census Tract 221.02,G5020,S,6137855.00000000,0.00000000,"+33.1138373","-117.2816125",66061980.92620000243,39907.62649880000
"126",2021/05/28,21-03594,"745 CARLSBAD and VILLAGE DRIVE, Carlsbad, San Diego, United States",33.1528929,-117.3437691,"0",Not Stated,"28",Other Than Driver,Hit Object,Fixed Object,Bicycle,"5","2021","06","073","017902","06073017902","179.02",Census Tract 179.02,G5020,S,727906.00000000,77667.00000000,"+33.1518043","-117.3399517",8670360.32660000026,13551.67175500000
"128",2021/05/23,21-03467,"CARLSBAD VILLAGE DR and MONROE ST, Carlsbad, San Diego, United States",33.1687291,-117.3328247,"0",Not Stated,"23",Improper Turning,Other,Non - Collision,Bicycle,"5","2021","06","073","017801","06073017801","178.01",Census Tract 178.01,G5020,S,4345848.00000000,116020.00000000,"+33.1735608","-117.3403004",48022910.33660000563,29266.65545820000
"129",2021/05/23,21-03439,"CARLSBAD BLVD and OAK AVE, Carlsbad, San Diego, United States",33.156743,-117.3507832,"203",SOUTH,"23",Unknown,Other,Non - Collision,Bicycle,"5","2021","06","073","018000","06073018000","180",Census Tract 180,G5020,S,1287198.00000000,498824.00000000,"+33.1547915","-117.3499851",19222947.83210000023,26385.95431330000
"131",2021/05/10,21-03110,"KELLY DR and HILLSIDE DR, Carlsbad, San Diego, United States",33.1486975,-117.3112587,"0",Not Stated,"10",Improper Passing,Broadside,Bicycle,Bicycle,"5","2021","06","073","017810","06073017810","178.10",Census Tract 178.10,G5020,S,3429890.00000000,410586.00000000,"+33.1484786","-117.3205379",41335071.12719999999,30476.83685660000
"132",2021/05/03,21-02907,"CARLSBAD BLVD and PONTO RD, Carlsbad, San Diego, United States",33.09839,-117.3169496,"187",NORTH,"3",Unsafe Speed,Rear-End,Parked Motor Vehicle,Bicycle,"5","2021","06","073","017813","06073017813","178.13",Census Tract 178.13,G5020,S,4725275.00000000,2140496.00000000,"+33.1166075","-117.3234185",73896538.96209999919,53326.53828690000
"133",2021/05/01,21-02856,"CARLSBAD BLVD and STATE ST, Carlsbad, San Diego, United States",33.1666392,-117.3549736,"730",SOUTH,"1",Unsafe Speed,Not Stated,Non - Collision,Bicycle,"5","2021","06","073","018000","06073018000","180",Census Tract 180,G5020,S,1287198.00000000,498824.00000000,"+33.1547915","-117.3499851",19222947.83210000023,26385.95431330000
"134",2021/04/25,21-02712,"EL CAMINO REAL and COLLEGE BLVD, Carlsbad, San Diego, United States",33.1430917,-117.2830477,"757",NORTH,"25",Unknown,Sideswipe,Bicycle,Bicycle,"4","2021","06","073","019811","06073019811","198.11",Census Tract 198.11,G5020,S,9839617.00000000,0.00000000,"+33.1386145","-117.2514135",105903756.06100000441,71659.23407300000
"135",2021/04/21,21-02605,"CARLSBAD BLVD and CANNON RD, Carlsbad, San Diego, United States",33.1324834,-117.3354103,"2112",NORTH,"21",Improper Turning,Hit Object,Non - Collision,Bicycle,"4","2021","06","073","017813","06073017813","178.13",Census Tract 178.13,G5020,S,4725275.00000000,2140496.00000000,"+33.1166075","-117.3234185",73896538.96209999919,53326.53828690000
"136",2021/04/15,21-02432,"CANNON RD and COLLEGE BLVD, Carlsbad, San Diego, United States",33.1549962,-117.2871277,"104",WEST,"15",Unsafe Speed,Hit Object,Fixed Object,Bicycle,"4","2021","06","073","019811","06073019811","198.11",Census Tract 198.11,G5020,S,9839617.00000000,0.00000000,"+33.1386145","-117.2514135",105903756.06100000441,71659.23407300000
"137",2021/04/11,21-02334,"CARLSBAD BLVD and TAMARACK AVE, Carlsbad, San Diego, United States",33.1474854,-117.3453925,"1500",SOUTH,"11",Unsafe Speed,Rear-End,Other Motor Vehicle,Bicycle,"4","2021","06","073","018000","06073018000","180",Census Tract 180,G5020,S,1287198.00000000,498824.00000000,"+33.1547915","-117.3499851",19222947.83210000023,26385.95431330000
"138",2021/04/07,21-02239,"LA COSTA AVE and PIRAEUS ST, Carlsbad, San Diego, United States",33.084636,-117.2962711,"0",Not Stated,"7",Improper Turning,Sideswipe,Bicycle,Bicycle,"4","2021","06","073","017601","06073017601","176.01",Census Tract 176.01,G5020,S,7999055.00000000,727228.00000000,"+33.0821964","-117.2792132",93921783.53529998660,41085.80053170000
"139",2021/04/02,21-02111,"CARLSBAD BLVD and ISLAND WAY (W), Carlsbad, San Diego, United States",33.1117263,-117.3226536,"897",NORTH,"2",Unsafe Speed,Other,Non - Collision,Bicycle,"4","2021","06","073","017813","06073017813","178.13",Census Tract 178.13,G5020,S,4725275.00000000,2140496.00000000,"+33.1166075","-117.3234185",73896538.96209999919,53326.53828690000
"140",2021/04/02,21-02112,"CARLSBAD BLVD and CEREZO DR, Carlsbad, San Diego, United States",33.1285778,-117.3327191,"0",Not Stated,"2",Auto R/W Violation,Broadside,Bicycle,Bicycle,"4","2021","06","073","017813","06073017813","178.13",Census Tract 178.13,G5020,S,4725275.00000000,2140496.00000000,"+33.1166075","-117.3234185",73896538.96209999919,53326.53828690000
"141",2021/03/23,21-01866,"SEGOVIA WAY and ESTANCIA ST, Carlsbad, San Diego, United States",33.0783922,-117.2406662,"0",NORTH,"23",Auto R/W Violation,Head-On,Bicycle,Bicycle,"3","2021","06","073","020035","06073020035","200.35",Census Tract 200.35,G5020,S,3399635.00000000,0.00000000,"+33.0807361","-117.2525982",36590571.17490000278,27320.99524270000
"142",2021/03/22,22-01915,"CARLSBAD BLVD and TAMARACK AVE, Carlsbad, San Diego, United States",33.1474854,-117.3453925,"2800",SOUTH,"22",Auto R/W Violation,Sideswipe,Bicycle,Bicycle,"3","2021","06","073","018000","06073018000","180",Census Tract 180,G5020,S,1287198.00000000,498824.00000000,"+33.1547915","-117.3499851",19222947.83210000023,26385.95431330000
"144",2021/03/18,21-01746,"EL CAMINO REAL and COLLEGE BLVD, Carlsbad, San Diego, United States",33.1430917,-117.2830477,"30",NORTH,"18",Unsafe Speed,Hit Object,Other Object,Bicycle,"3","2021","06","073","019811","06073019811","198.11",Census Tract 198.11,G5020,S,9839617.00000000,0.00000000,"+33.1386145","-117.2514135",105903756.06100000441,71659.23407300000
"145",2021/03/16,21-01682,"LA COSTA AVE and ESFERA ST, Carlsbad, San Diego, United States",33.0842503,-117.2384089,"55",EAST,"16",Unsafe Speed,Rear-End,Bicycle,Bicycle,"3","2021","06","073","020015","06073020015","200.15",Census Tract 200.15,G5020,S,2950161.00000000,0.00000000,"+33.0914050","-117.2387858",31752804.78339999914,41544.06013440000
"147",2021/02/18,21-01105,"EL CAMINO REAL and RANCHO CARLSBAD DR, Carlsbad, San Diego, United States",33.1465818,-117.2897138,"671",NORTH,"18",Unsafe Speed,Other,Not Stated,Bicycle,"2","2021","06","073","022101","06073022101","221.01",Census Tract 221.01,G5020,S,12013410.00000000,509483.00000000,"+33.1364305","-117.3025918",134784069.06999999285,53434.31741590000
"149",2021/02/05,21-00795,"CARLSBAD BLVD and MOUNTAIN VIEW DR, Carlsbad, San Diego, United States",33.1635507,-117.3544681,"100",SOUTH,"5",Unsafe Speed,Other,Bicycle,Bicycle,"2","2021","06","073","018000","06073018000","180",Census Tract 180,G5020,S,1287198.00000000,498824.00000000,"+33.1547915","-117.3499851",19222947.83210000023,26385.95431330000
"150",2021/02/05,21-00797,"MELROSE DR and POINSETTIA LANE, Carlsbad, San Diego, United States",33.1227738,-117.2379944,"358",SOUTH,"5",Unknown,Rear-End,Bicycle,Bicycle,"2","2021","06","073","020031","06073020031","200.31",Census Tract 200.31,G5020,S,4472966.00000000,0.00000000,"+33.1203127","-117.2373317",48142625.84420000017,31744.75532040000
"151",2021/01/31,21-00659,"CIRCULO SEQUOIA and LA COSTA AVE, Carlsbad, San Diego, United States",33.081047,-117.227062,"862",SOUTH,"31",Driving Under Influence,Rear-End,Bicycle,Bicycle,"1","2021","06","073","017109","06073017109","171.09",Census Tract 171.09,G5020,S,4415562.00000000,0.00000000,"+33.0779360","-117.2333360",47525155.09560000151,44006.12060400001
"153",2021/01/24,21-00499,"NEBLINA DR and WINDJAMMER WAY, Carlsbad, San Diego, United States",33.146,-117.318718,"30",SOUTH,"24",Unknown,Other,Non - Collision,Bicycle,"1","2021","06","073","017810","06073017810","178.10",Census Tract 178.10,G5020,S,3429890.00000000,410586.00000000,"+33.1484786","-117.3205379",41335071.12719999999,30476.83685660000
"154",2021/01/11,21-00288,"CARLSBAD BLVD and CARLSBAD VILLAGE DR, Carlsbad, San Diego, United States",33.1582158,-117.3509162,"147",NORTH,"11",Improper Turning,Sideswipe,Bicycle,Bicycle,"1","2021","06","073","018000","06073018000","180",Census Tract 180,G5020,S,1287198.00000000,498824.00000000,"+33.1547915","-117.3499851",19222947.83210000023,26385.95431330000
"155",2021/01/02,21-00035,"CANNON RD and EL ARBOL DR, Carlsbad, San Diego, United States",33.1332252,-117.333311,"600",WEST,"2",Unsafe Speed,Overturned,Non - Collision,Bicycle,"1","2021","06","073","017813","06073017813","178.13",Census Tract 178.13,G5020,S,4725275.00000000,2140496.00000000,"+33.1166075","-117.3234185",73896538.96209999919,53326.53828690000
"156",2021/01/01,21-00006,"RANCHO SANTA FE RD and CAMINO JUNIPERO, Carlsbad, San Diego, United States",33.0874754,-117.2259785,"0",Not Stated,"1",Auto R/W Violation,Head-On,Bicycle,Bicycle,"1","2021","06","073","017109","06073017109","171.09",Census Tract 171.09,G5020,S,4415562.00000000,0.00000000,"+33.0779360","-117.2333360",47525155.09560000151,44006.12060400001
"3",2022/07/21,22-04730,"CARLSBAD BLVD and SOLAMAR DR (W), Carlsbad, San Diego, United States",33.1208962,-117.3273054,"562",SOUTH,"21",Unsafe Speed,Rear-End,Bicycle,Bicycle,"7","2022","06","073","017813","06073017813","178.13",Census Tract 178.13,G5020,S,4725275.00000000,2140496.00000000,"+33.1166075","-117.3234185",73896538.96209999919,53326.53828690000
"6",2022/07/08,22-04449,"MARRON RD and JEFFERSON ST, Carlsbad, San Diego, United States",33.1781859,-117.3404069,"0",Not Stated,"8",Traffic Signals and Signs,Rear-End,Bicycle,Bicycle,"7","2022","06","073","017801","06073017801","178.01",Census Tract 178.01,G5020,S,4345848.00000000,116020.00000000,"+33.1735608","-117.3403004",48022910.33660000563,29266.65545820000
"7",2022/07/01,22-04295,"SEAFARER PL and WIND SOCK WAY, Carlsbad, San Diego, United States",33.0954272,-117.3115205,"10",SOUTH,"1",Auto R/W Violation,Broadside,Bicycle,Bicycle,"7","2022","06","073","017813","06073017813","178.13",Census Tract 178.13,G5020,S,4725275.00000000,2140496.00000000,"+33.1166075","-117.3234185",73896538.96209999919,53326.53828690000
"9",2022/06/30,22-04268,"985 TAMARACK AVE, Carlsbad, San Diego, United States",33.1522779,-117.3339596,"0",Not Stated,"30",Other Improper Driving,Broadside,Bicycle,Bicycle,"6","2022","06","073","017810","06073017810","178.10",Census Tract 178.10,G5020,S,3429890.00000000,410586.00000000,"+33.1484786","-117.3205379",41335071.12719999999,30476.83685660000
"11",2022/06/24,22-04108,"2525 EL CAMINO REAL, Carlsbad, San Diego, United States",33.1781877,-117.3324498,"0",Not Stated,"24",Other Improper Driving,Hit Object,Fixed Object,Bicycle,"6","2022","06","073","017801","06073017801","178.01",Census Tract 178.01,G5020,S,4345848.00000000,116020.00000000,"+33.1735608","-117.3403004",48022910.33660000563,29266.65545820000
"12",2022/06/23,22-04093,"PARK DR and TAMARACK AVE, Carlsbad, San Diego, United States",33.1545825,-117.3181712,"74",NORTH,"23",Unsafe Speed,Other,Non - Collision,Bicycle,"6","2022","06","073","017810","06073017810","178.10",Census Tract 178.10,G5020,S,3429890.00000000,410586.00000000,"+33.1484786","-117.3205379",41335071.12719999999,30476.83685660000
"13",2022/06/22,22-04057,"YARROW DR and CAMINO VIDA ROBLE, Carlsbad, San Diego, United States",33.1191406,-117.27354,"14",NORTH,"22",Auto R/W Violation,Broadside,Bicycle,Bicycle,"6","2022","06","073","022102","06073022102","221.02",Census Tract 221.02,G5020,S,6137855.00000000,0.00000000,"+33.1138373","-117.2816125",66061980.92620000243,39907.62649880000
"14",2022/06/10,22-03804,"CHESTNUT AVE and ADAMS ST, Carlsbad, San Diego, United States",33.1582995,-117.337288,"0",Not Stated,"10",Unsafe Speed,Other,Fixed Object,Bicycle,"6","2022","06","073","017809","06073017809","178.09",Census Tract 178.09,G5020,S,1557483.00000000,0.00000000,"+33.1575414","-117.3267034",16763156.98660000041,22250.42677580000
"15",2022/06/04,22-03664,"CANNON RD and FROST AVE, Carlsbad, San Diego, United States",33.1471056,-117.300293,"615",EAST,"4",Unknown,Other,Non - Collision,Bicycle,"6","2022","06","073","022101","06073022101","221.01",Census Tract 221.01,G5020,S,12013410.00000000,509483.00000000,"+33.1364305","-117.3025918",134784069.06999999285,53434.31741590000
"18",2022/05/24,22-03415,"CARLSBAD VILLAGE DR and CHATHAM RD, Carlsbad, San Diego, United States",33.1665335,-117.303681,"186",WEST,"24",Unsafe Speed,Hit Object,Fixed Object,Bicycle,"5","2022","06","073","019803","06073019803","198.03",Census Tract 198.03,G5020,S,3798709.00000000,0.00000000,"+33.1753289","-117.3081968",40885369.10100000352,29812.35375420000
"20",2022/05/21,22-03346,"EL CAMINO REAL and LEVANTE ST, Carlsbad, San Diego, United States",33.0784256,-117.2656793,"435",NORTH,"21",Other Improper Driving,Hit Object,Other Object,Bicycle,"5","2022","06","073","017601","06073017601","176.01",Census Tract 176.01,G5020,S,7999055.00000000,727228.00000000,"+33.0821964","-117.2792132",93921783.53529998660,41085.80053170000
"22",2022/05/05,22-02950,"COLLEGE BLVD and CANNON RD, Carlsbad, San Diego, United States",33.1549962,-117.2871277,"0",Not Stated,"5",,Broadside,Bicycle,Bicycle,"5","2022","06","073","019811","06073019811","198.11",Census Tract 198.11,G5020,S,9839617.00000000,0.00000000,"+33.1386145","-117.2514135",105903756.06100000441,71659.23407300000
"23",2022/04/28,22-02768,"PIO PICO DR and MAGNOLIA AVE, Carlsbad, San Diego, United States",33.155109,-117.337669,"4",WEST,"28",Auto R/W Violation,Broadside,Bicycle,Bicycle,"4","2022","06","073","017809","06073017809","178.09",Census Tract 178.09,G5020,S,1557483.00000000,0.00000000,"+33.1575414","-117.3267034",16763156.98660000041,22250.42677580000
"26",2022/04/06,22-02255,"POINSETTIA LANE and MELROSE DR, Carlsbad, San Diego, United States",33.1227738,-117.2379944,"162",WEST,"6",Unsafe Speed,Rear-End,Bicycle,Bicycle,"4","2022","06","073","020031","06073020031","200.31",Census Tract 200.31,G5020,S,4472966.00000000,0.00000000,"+33.1203127","-117.2373317",48142625.84420000017,31744.75532040000
"29",2022/03/16,22-01755,"PARK DR and HILLSIDE DR, Carlsbad, San Diego, United States",33.149506,-117.319893,"0",Not Stated,"16",Auto R/W Violation,Broadside,Bicycle,Bicycle,"3","2022","06","073","017810","06073017810","178.10",Census Tract 178.10,G5020,S,3429890.00000000,410586.00000000,"+33.1484786","-117.3205379",41335071.12719999999,30476.83685660000
"30",2022/03/14,22-01697,"LEVANTE ST and HILLSIDE DR, Carlsbad, San Diego, United States",33.0815723,-117.2497338,"120",WEST,"14",Unsafe Speed,Rear-End,Bicycle,Bicycle,"3","2022","06","073","020035","06073020035","200.35",Census Tract 200.35,G5020,S,3399635.00000000,0.00000000,"+33.0807361","-117.2525982",36590571.17490000278,27320.99524270000
"33",2022/03/08,22-01536,"MADISON ST and CHESTNUT AVE, Carlsbad, San Diego, United States",33.1614838,-117.3303608,"0",Not Stated,"8",Auto R/W Violation,Broadside,Bicycle,Bicycle,"3","2022","06","073","017801","06073017801","178.01",Census Tract 178.01,G5020,S,4345848.00000000,116020.00000000,"+33.1735608","-117.3403004",48022910.33660000563,29266.65545820000
"42",2022/02/17,22-01070,"CARLSBAD VILLAGE DR and JEFFERSON ST, Carlsbad, San Diego, United States",33.1613859,-117.3456671,"4",EAST,"17",,Broadside,Bicycle,Bicycle,"2","2022","06","073","017901","06073017901","179.01",Census Tract 179.01,G5020,S,1368630.00000000,249612.00000000,"+33.1656066","-117.3457885",17417073.34340000153,19572.17273230000
"44",2022/02/11,22-00939,"EL CAMINO REAL and HOSP WAY, Carlsbad, San Diego, United States",33.175106,-117.3253197,"255",SOUTH,"11",Unsafe Speed,Overturned,Non - Collision,Bicycle,"2","2022","06","073","019803","06073019803","198.03",Census Tract 198.03,G5020,S,3798709.00000000,0.00000000,"+33.1753289","-117.3081968",40885369.10100000352,29812.35375420000
"45",2022/02/11,22-00928,"STATE ST and LAGUNA DR, Carlsbad, San Diego, United States",33.1652652,-117.3466418,"0",Not Stated,"11",Auto R/W Violation,Broadside,Bicycle,Bicycle,"2","2022","06","073","017901","06073017901","179.01",Census Tract 179.01,G5020,S,1368630.00000000,249612.00000000,"+33.1656066","-117.3457885",17417073.34340000153,19572.17273230000
"49",2022/02/06,22-00840,"CARLSBAD BLVD and PONTO RD, Carlsbad, San Diego, United States",33.09839,-117.3169496,"345",SOUTH,"6",Improper Turning,Overturned,Non - Collision,Bicycle,"2","2022","06","073","017813","06073017813","178.13",Census Tract 178.13,G5020,S,4725275.00000000,2140496.00000000,"+33.1166075","-117.3234185",73896538.96209999919,53326.53828690000
"50",2022/02/05,22-00974,"GRAND AVE and WASHINGTON ST, Carlsbad, San Diego, United States",33.1601316,-117.3505579,"50",WEST,"5",Other Hazardous Movement,Other,Bicycle,Bicycle,"2","2022","06","073","018000","06073018000","180",Census Tract 180,G5020,S,1287198.00000000,498824.00000000,"+33.1547915","-117.3499851",19222947.83210000023,26385.95431330000
"52",2022/01/28,22-00621,"CARLSBAD VILLAGE DR and HARDING ST, Carlsbad, San Diego, United States",33.1619201,-117.3445777,"375",EAST,"28",Improper Turning,Broadside,Bicycle,Bicycle,"1","2022","06","073","017901","06073017901","179.01",Census Tract 179.01,G5020,S,1368630.00000000,249612.00000000,"+33.1656066","-117.3457885",17417073.34340000153,19572.17273230000
"55",2022/01/04,22-00068,"PALOMAR AIRPORT RD and BUSINESS PARK DR, Carlsbad, San Diego, United States",33.1315564,-117.228324,"900",WEST,"4",Other Improper Driving,Sideswipe,Bicycle,Bicycle,"1","2022","06","073","020017","06073020017","200.17",Census Tract 200.17,G5020,S,4884095.00000000,0.00000000,"+33.1484967","-117.2227552",52567462.50090000033,38111.70962490000
"56",2022/01/03,22-00040,"STATE ST and BEECH AVE, Carlsbad, San Diego, United States",33.1616549,-117.3523323,"165",SOUTH,"3",Improper Turning,Overturned,Non - Collision,Bicycle,"1","2022","06","073","018000","06073018000","180",Census Tract 180,G5020,S,1287198.00000000,498824.00000000,"+33.1547915","-117.3499851",19222947.83210000023,26385.95431330000
